渠道,帳戶,基底程式碼
TikTok,"帳戶：自操_MAXI_果然行銷(股)(練習帳戶)
Advertiser account ID：7320461965761986561
像素名稱：OneAD 產業鑽石受眾 專屬
Pixel ID：CPK0U53C77U57258LAC0","<!-- TikTok Pixel Code Start -->
<script>
!function (w, d, t) {
  w.TiktokAnalyticsObject=t;var ttq=w[t]=w[t]||[];ttq.methods=[""page"",""track"",""identify"",""instances"",""debug"",""on"",""off"",""once"",""ready"",""alias"",""group"",""enableCookie"",""disableCookie"",""holdConsent"",""revokeConsent"",""grantConsent""],ttq.setAndDefer=function(t,e){t[e]=function(){t.push([e].concat(Array.prototype.slice.call(arguments,0)))}};for(var i=0;i<ttq.methods.length;i++)ttq.setAndDefer(ttq,ttq.methods[i]);ttq.instance=function(t){for(
var e=ttq._i[t]||[],n=0;n<ttq.methods.length;n++)ttq.setAndDefer(e,ttq.methods[n]);return e},ttq.load=function(e,n){var r=""https://analytics.tiktok.com/i18n/pixel/events.js"",o=n&&n.partner;ttq._i=ttq._i||{},ttq._i[e]=[],ttq._i[e]._u=r,ttq._t=ttq._t||{},ttq._t[e]=+new Date,ttq._o=ttq._o||{},ttq._o[e]=n||{};n=document.createElement(""script"")
;n.type=""text/javascript"",n.async=!0,n.src=r+""?sdkid=""+e+""&lib=""+t;e=document.getElementsByTagName(""script"")[0];e.parentNode.insertBefore(n,e)};


  ttq.load('CPK0U53C77U57258LAC0');
  ttq.page();
}(window, document, 'ttq');
</script>
<!-- TikTok Pixel Code End -->"
